# Apple identifiers missing from the community list: Apple TV, HomePod, Macs.
# identifier<TAB>name
AppleTV5,3	Apple TV HD
AppleTV6,2	Apple TV 4K
AppleTV11,1	Apple TV 4K (2nd generation)
AppleTV14,1	Apple TV 4K (3rd generation)
AudioAccessory1,1	HomePod
AudioAccessory1,2	HomePod
AudioAccessory5,1	HomePod mini
AudioAccessory6,1	HomePod (2nd generation)
MacBookAir10,1	MacBook Air (M1, 2020)
Mac14,2	MacBook Air (M2, 2022)
Mac14,15	MacBook Air 15" (M2, 2023)
Mac15,12	MacBook Air 13" (M3, 2024)
Mac15,13	MacBook Air 15" (M3, 2024)
Mac16,12	MacBook Air 13" (M4, 2025)
Mac16,13	MacBook Air 15" (M4, 2025)
MacBookPro17,1	MacBook Pro 13" (M1, 2020)
MacBookPro18,1	MacBook Pro 16" (M1 Pro, 2021)
MacBookPro18,2	MacBook Pro 16" (M1 Max, 2021)
MacBookPro18,3	MacBook Pro 14" (M1 Pro, 2021)
MacBookPro18,4	MacBook Pro 14" (M1 Max, 2021)
Mac14,7	MacBook Pro 13" (M2, 2022)
Mac14,5	MacBook Pro 14" (M2 Max, 2023)
Mac14,9	MacBook Pro 14" (M2 Pro, 2023)
Mac14,6	MacBook Pro 16" (M2 Max, 2023)
Mac14,10	MacBook Pro 16" (M2 Pro, 2023)
Mac15,3	MacBook Pro 14" (M3, 2023)
Mac15,6	MacBook Pro 14" (M3 Pro, 2023)
Mac15,8	MacBook Pro 14" (M3 Max, 2023)
Mac15,7	MacBook Pro 16" (M3 Pro, 2023)
Mac15,9	MacBook Pro 16" (M3 Max, 2023)
Mac16,1	MacBook Pro 14" (M4, 2024)
Macmini9,1	Mac mini (M1, 2020)
Mac14,3	Mac mini (M2, 2023)
Mac14,12	Mac mini (M2 Pro, 2023)
Mac16,10	Mac mini (M4, 2024)
Mac16,11	Mac mini (M4 Pro, 2024)
iMac21,1	iMac 24" (M1, 2021)
iMac21,2	iMac 24" (M1, 2021)
Mac15,4	iMac 24" (M3, 2023)
Mac15,5	iMac 24" (M3, 2023)
Mac16,2	iMac 24" (M4, 2024)
Mac16,3	iMac 24" (M4, 2024)
Mac13,1	Mac Studio (M1 Max, 2022)
Mac13,2	Mac Studio (M1 Ultra, 2022)
Mac14,13	Mac Studio (M2 Max, 2023)
Mac14,14	Mac Studio (M2 Ultra, 2023)
